{"train_accuracy": [0.49375, 0.8125, 0.875, 0.88625, 0.91875, 0.92375, 0.93125, 0.9325, 0.9475, 0.95], "val_accuracy": [0.235, 0.805, 0.9, 0.915, 0.93, 0.93, 0.94, 0.93, 0.935, 0.95]}